{"cameraMode":{"drawMode":0,"name":"Shaded","section":"Shading Mode"},"sceneLighting":true,"audioPlay":false,"sceneViewState":{"m_AlwaysRefresh":true,"showFog":true,"showSkybox":true,"showFlares":true,"showImageEffects":true,"showParticleSystems":true,"showVisualEffectGraphs":true,"m_FxEnabled":true},"in2DMode":false,"pivot":{"x":-28.889610290527345,"y":31.309911727905275,"z":22.749013900756837},"rotation":{"x":0.34262189269065859,"y":0.6355851292610169,"z":-0.3743385672569275,"w":0.5819014310836792},"size":14.827430725097657,"orthographic":false}